<?xml version="1.0" encoding="UTF-8"?>
<!DOCTYPE configuration
  PUBLIC "-//mybatis.org//DTD Config 3.0//EN"
  "http://mybatis.org/dtd/mybatis-3-config.dtd">
<configuration>
	<settings>
		<setting name="logImpl" value="LOG4J" />
		<setting name="cacheEnabled" value="false" />
		<setting name="jdbcTypeForNull" value="NULL" />
	</settings>
	<typeAliases>
		<typeAlias type="model.Animal" alias="Animal" />
		<typeAlias type="model.Qna" alias="Qna" />
		<typeAlias type="model.Qna_Comment" alias="Qna_Comment" />
	</typeAliases>
	<environments default="development">
		<environment id="development">
			<transactionManager type="JDBC" />
			<dataSource type="POOLED">
				<property name="driver"
					value="oracle.jdbc.driver.OracleDriver" />
				<property name="url"
					value="jdbc:oracle:thin:@202.20.119.117:1521:orcl" />
				<property name="username" value="dbpro0103" />
				<property name="password" value="dbp2018" />
			</dataSource>
		</environment>
	</environments>
	<mappers>
		<mapper resource="repository/mybatis/mapper/AnimalMapper.xml" />
		<mapper resource="repository/mybatis/mapper/QnaMapper.xml" />
		<mapper resource="repository/mybatis/mapper/CommentMapper.xml" />
	</mappers>
</configuration>
