<?xml version="1.0" encoding="UTF-8"?>
<!DOCTYPE mapper PUBLIC "-//mybatis.org//DTD Mapper 3.0//EN" 
	"http://mybatis.org/dtd/mybatis-3-mapper.dtd">
<mapper namespace="model.dao.mybatis.mapper.AnimalMapper">
	<cache />
	
	<insert id="insertAnimal" parameterType="Animal">
		<selectKey keyProperty="animal_id" resultType="int" order="BEFORE">
			SELECT animal_id_seq.nextval AS animal_id FROM DUAL
		</selectKey>
				
		INSERT INTO Animal (animal_id,category_id,age,location,image,gender,weight,etc,animal_matched) 
		VALUES (#{animal_id},#{category_id},#{age},#{location}, #{image}, #{gender},#{weight},#{etc},#{animal_matched})
	</insert>

	<select id="findAnimal" parameterType="int" resultType="Animal"> 
		SELECT a.animal_id, a.category_id, a.age, a.location, a.animal_matched, a.image,a.gender,a.weight,a.etc, c.species, c.animal_type
        FROM Animal a JOIN Category c ON a.category_id = c.category_id       			
		WHERE  a.animal_id = #{animal_id} 		
    </select>      
	<update id="updateAnimal" parameterType="Animal">
		UPDATE Animal
		SET category_id=#{category_id}, age = #{age},location = #{location}, image = #{image},gender=#{gender},weight = #{weight},etc=#{etc},animal_matched=#{animal_matched}
		WHERE animal_id = #{animal_id}		
	</update>
 	<delete id="deleteAnimal" parameterType="int">
		DELETE FROM Animal
		WHERE animal_id = #{animal_id}
	</delete>
	
	<select id="findAnimalList" resultType="Animal" >
		SELECT a.animal_id, c.category_id, c.species , a.age, a.location,a.image, a.gender
        FROM animal a JOIN Category c ON a.category_id = c.category_id  
        ORDER BY a.animal_id DESC
    </select>
  
 	<select id="searchAnimalList" resultType="Animal" >
		SELECT a.animal_id, c.category_id, c.species, a.age, a.location, a.gender,a.image , a.animal_matched
        FROM animal a JOIN Category c ON a.category_id = c.category_id 
     <where>
        	<if test="param1.location != 'all'"> location = #{param1.location} </if>
        	<if test="param2.matched != -1">   AND animal_matched = #{param2.matched} </if>
        	<if test="param2.category_id == 100">  And a.category_id <![CDATA[>]]>100 AND a.category_id <![CDATA[<]]> 200</if>
        	<if test="param2.category_id == 200">  And a.category_id <![CDATA[>]]>200 AND a.category_id <![CDATA[<]]> 300</if>
        	<if test="param1.animal_type != 'none' and param2.category_id != 100 and param2.category_id != 200">  And a.category_id=#{param2.category_id}</if>
        		
       </where> 
        ORDER BY a.animal_id desc
    </select>
</mapper>